Id,Weight,Label,type
AARS2,8,AARS2,gene
ABCA1,26,ABCA1,gene
ABCB1,17,ABCB1,gene
ABCD1,48,ABCD1,gene
ABHD10,18,ABHD10,gene
ABHD13,10,ABHD13,gene
ABHD18,15,ABHD18,gene
ABHD5,6,ABHD5,gene
ABHD6,11,ABHD6,gene
ABI2,20,ABI2,gene
ABL2,13,ABL2,gene
ACACA,13,ACACA,gene
ACBD5,7,ACBD5,gene
ACCS,5,ACCS,gene
ACOT11,10,ACOT11,gene
ACOT13,3,ACOT13,gene
ACVR1,21,ACVR1,gene
ACVR2A,17,ACVR2A,gene
ACYP2,4,ACYP2,gene
ADAM10,12,ADAM10,gene
ADAM3B,7,ADAM3B,gene
ADAMTS19-AS1,18,ADAMTS19-AS1,gene
ADAMTS7,14,ADAMTS7,gene
ADCK2,3,ADCK2,gene
ADD2,11,ADD2,gene
ADGRA3,2,ADGRA3,gene
ADGRL2,16,ADGRL2,gene
ADGRL3,6,ADGRL3,gene
ADHFE1,5,ADHFE1,gene
ADNP,13,ADNP,gene
ADPRHL1,3,ADPRHL1,gene
ADRM1,10,ADRM1,gene
AFF1,4,AFF1,gene
AFF1-AS1,16,AFF1-AS1,gene
AGBL4,36,AGBL4,gene
AGBL4-IT1,3,AGBL4-IT1,gene
AGTPBP1,19,AGTPBP1,gene
AHDC1,20,AHDC1,gene
AHI1,10,AHI1,gene
AHSA2P,13,AHSA2P,gene
AK3,12,AK3,gene
AKAP2,17,AKAP2,gene
AKIP1,10,AKIP1,gene
AKIRIN1,16,AKIRIN1,gene
ALDH1L1,5,ALDH1L1,gene
ALKBH3,9,ALKBH3,gene
ALPK1,23,ALPK1,gene
AMD1,16,AMD1,gene
AMER3,9,AMER3,gene
AMZ2,8,AMZ2,gene
ANAPC11,16,ANAPC11,gene
ANAPC2,7,ANAPC2,gene
ANK1,15,ANK1,gene
ANK2,7,ANK2,gene
ANKDD1A,12,ANKDD1A,gene
ANKLE2,10,ANKLE2,gene
ANKRD20A5P,17,ANKRD20A5P,gene
ANKRD45,13,ANKRD45,gene
ANKRD50,10,ANKRD50,gene
ANKS1B,9,ANKS1B,gene
ANP32A,11,ANP32A,gene
AOAH-IT1,8,AOAH-IT1,gene
AOX1,8,AOX1,gene
AP1M1,22,AP1M1,gene
AP1S1,16,AP1S1,gene
AP5M1,9,AP5M1,gene
AP5S1,7,AP5S1,gene
APBB2,8,APBB2,gene
APLP2,12,APLP2,gene
APOE,13,APOE,gene
APOO,17,APOO,gene
AR,17,AR,tf
AR-HALFSITE,17,AR-HALFSITE,tf
ARAP1-AS2,15,ARAP1-AS2,gene
ARC,17,ARC,gene
ARHGAP10,9,ARHGAP10,gene
ARHGAP12,17,ARHGAP12,gene
ARHGAP18,13,ARHGAP18,gene
ARHGAP23,12,ARHGAP23,gene
ARHGAP31-AS1,16,ARHGAP31-AS1,gene
ARHGAP42,13,ARHGAP42,gene
ARHGEF10,16,ARHGEF10,gene
ARHGEF12,8,ARHGEF12,gene
ARHGEF16,23,ARHGEF16,gene
ARHGEF2,15,ARHGEF2,gene
ARHGEF7,17,ARHGEF7,gene
ARID2,4,ARID2,gene
ARID3A,14,ARID3A,gene
ARL2,11,ARL2,gene
ARL8B,8,ARL8B,gene
ARMCX4,15,ARMCX4,gene
ARNTL2,7,ARNTL2,gene
ARPC2,7,ARPC2,gene
ARRB2,16,ARRB2,gene
ARSD,15,ARSD,gene
ASAP2,14,ASAP2,gene
ASF1A,16,ASF1A,gene
ASH1L,9,ASH1L,gene
ASH2L,5,ASH2L,gene
ATAD3A,7,ATAD3A,gene
ATF1,40,ATF1,tf
ATF2,25,ATF2,tf
ATF3,12,ATF3,tf
ATF4,26,ATF4,tf
ATF7,40,ATF7,tf
ATG4D,16,ATG4D,gene
ATG5,16,ATG5,gene
ATL1,3,ATL1,gene
ATOH1,56,ATOH1,tf
ATP10D,27,ATP10D,gene
ATP1B3,9,ATP1B3,gene
ATP2A2,12,ATP2A2,gene
ATP5S,6,ATP5S,gene
ATP8B1,5,ATP8B1,gene
ATXN1L,13,ATXN1L,gene
ATXN2,7,ATXN2,gene
ATXN7L1,6,ATXN7L1,gene
AXIN2,12,AXIN2,gene
B3GALNT1,15,B3GALNT1,gene
B3GALT4,11,B3GALT4,gene
B3GALT5-AS1,10,B3GALT5-AS1,gene
B4GALT6,6,B4GALT6,gene
BACH1,10,BACH1,tf
BACH2,21,BACH2,tf
BAG5,11,BAG5,gene
BATF,8,BATF,tf
BAZ1B,21,BAZ1B,gene
BAZ2B,10,BAZ2B,gene
BCAP31,15,BCAP31,gene
BCAT1,14,BCAT1,gene
BCL11A,23,BCL11A,tf
BCL11B,22,BCL11B,gene
BCL6,51,BCL6,tf
BCL9,14,BCL9,gene
BCOR,29,BCOR,gene
BDNF,17,BDNF,gene
BEND6,9,BEND6,gene
BHLHE40,71,BHLHE40,tf
BHLHE41,48,BHLHE41,tf
BIRC2,10,BIRC2,gene
BLOC1S1,12,BLOC1S1,gene
BMF,7,BMF,gene
BMPR1A,13,BMPR1A,gene
BNC2-AS1,7,BNC2-AS1,gene
BPHL,15,BPHL,gene
BRAT1,14,BRAT1,gene
BRI3,10,BRI3,gene
BRINP1,12,BRINP1,gene
BTBD19,8,BTBD19,gene
BTBD3,8,BTBD3,gene
BTBD6,14,BTBD6,gene
BTBD8,14,BTBD8,gene
BTBD9,6,BTBD9,gene
BTF3,11,BTF3,gene
BUB1B,18,BUB1B,gene
BZIP:IRF,17,BZIP:IRF,tf
BZW1,16,BZW1,gene
C-JUN-CRE,44,C-JUN-CRE,tf
C12orf42,12,C12orf42,gene
C13orf42,13,C13orf42,gene
C14orf39,12,C14orf39,gene
C16orf72,18,C16orf72,gene
C18orf21,9,C18orf21,gene
C18orf54,5,C18orf54,gene
C1orf21,14,C1orf21,gene
C1orf220,5,C1orf220,gene
C1QBP,18,C1QBP,gene
C1QTNF3,24,C1QTNF3,gene
C21orf2,8,C21orf2,gene
C21orf62-AS1,5,C21orf62-AS1,gene
C2CD4B,8,C2CD4B,gene
C2CD5,14,C2CD5,gene
C3orf58,6,C3orf58,gene
C3orf62,7,C3orf62,gene
C4orf36,15,C4orf36,gene
C5orf63,1,C5orf63,gene
C6orf99,18,C6orf99,gene
C7orf25,6,C7orf25,gene
C7orf50,20,C7orf50,gene
C8orf33,17,C8orf33,gene
C8orf34,9,C8orf34,gene
C9orf85,13,C9orf85,gene
CACHD1,19,CACHD1,gene
CALCRL,11,CALCRL,gene
CALML4,14,CALML4,gene
CAMK2D,13,CAMK2D,gene
CAMKK1,15,CAMKK1,gene
CAMKK2,12,CAMKK2,gene
CAMSAP2,9,CAMSAP2,gene
CAND2,11,CAND2,gene
CAPRIN1,9,CAPRIN1,gene
CAPZA2,7,CAPZA2,gene
CARHSP1,21,CARHSP1,gene
CARS2,19,CARS2,gene
CASD1,3,CASD1,gene
CASP6,12,CASP6,gene
CAV2,10,CAV2,gene
CBLN2,9,CBLN2,gene
CBX3,8,CBX3,gene
CCAR1,15,CCAR1,gene
CCAR2,11,CCAR2,gene
CCDC126,9,CCDC126,gene
CCDC169,8,CCDC169,gene
CCDC34,12,CCDC34,gene
CCDC80,8,CCDC80,gene
CCDC85C,11,CCDC85C,gene
CCDC92,4,CCDC92,gene
CCNE1,8,CCNE1,gene
CCNI,13,CCNI,gene
CCNJL,10,CCNJL,gene
CD164,10,CD164,gene
CD36,11,CD36,gene
CD47,15,CD47,gene
CD58,10,CD58,gene
CDAN1,11,CDAN1,gene
CDC16,16,CDC16,gene
CDC25C,7,CDC25C,gene
CDC42BPA,22,CDC42BPA,gene
CDC73,5,CDC73,gene
CDCA7L,4,CDCA7L,gene
CDH6,3,CDH6,gene
CDK13,22,CDK13,gene
CDK15,11,CDK15,gene
CDK5R1,10,CDK5R1,gene
CDK6,6,CDK6,gene
CDKL2,6,CDKL2,gene
CDKN2AIP,9,CDKN2AIP,gene
CDX2,13,CDX2,tf
CEBP:AP1,20,CEBP:AP1,tf
CEBP:CEBP,20,CEBP:CEBP,tf
CEBPB,8,CEBPB,tf
CELF2,10,CELF2,gene
CENPV,2,CENPV,gene
CEP112,12,CEP112,gene
CEP135,10,CEP135,gene
CEP250,13,CEP250,gene
CEP44,3,CEP44,gene
CEP57L1,16,CEP57L1,gene
CEP83,19,CEP83,gene
CERKL,8,CERKL,gene
CFAP206,2,CFAP206,gene
CFAP221,9,CFAP221,gene
CFAP77,6,CFAP77,gene
CFHR4,13,CFHR4,gene
CFLAR,17,CFLAR,gene
CGAS,5,CGAS,gene
CGGBP1,12,CGGBP1,gene
CHCHD2,12,CHCHD2,gene
CHD9,8,CHD9,gene
CHEK1,12,CHEK1,gene
CHR,28,CHR,tf
CHRNB2,6,CHRNB2,gene
CHST10,7,CHST10,gene
CHST12,16,CHST12,gene
CHST15,15,CHST15,gene
CHSY3,11,CHSY3,gene
CIPC,19,CIPC,gene
CISD1,16,CISD1,gene
CISD3,11,CISD3,gene
CLDN10-AS1,20,CLDN10-AS1,gene
CLEC16A,24,CLEC16A,gene
CLMN,19,CLMN,gene
CLPTM1L,8,CLPTM1L,gene
CLPX,15,CLPX,gene
CLTC,5,CLTC,gene
CMAS,17,CMAS,gene
CMC1,12,CMC1,gene
CMIP,22,CMIP,gene
CMTM4,15,CMTM4,gene
CMTR1,21,CMTR1,gene
CMYA5,13,CMYA5,gene
CNBP,17,CNBP,gene
CNIH1,7,CNIH1,gene
CNKSR3,17,CNKSR3,gene
CNNM1,4,CNNM1,gene
CNOT7,7,CNOT7,gene
CNOT8,6,CNOT8,gene
CNP,12,CNP,gene
CNPPD1,17,CNPPD1,gene
COBL,8,COBL,gene
COBLL1,6,COBLL1,gene
COG1,18,COG1,gene
COG7,11,COG7,gene
COL13A1,16,COL13A1,gene
COL14A1,9,COL14A1,gene
COL19A1,8,COL19A1,gene
COL1A1,17,COL1A1,gene
COL4A5,18,COL4A5,gene
COL9A1,31,COL9A1,gene
COMMD1,3,COMMD1,gene
COMMD6,21,COMMD6,gene
COPS2,4,COPS2,gene
COPS7B,9,COPS7B,gene
COQ8B,16,COQ8B,gene
CORO1B,19,CORO1B,gene
COUP-TFII,20,COUP-TFII,tf
COX17,23,COX17,gene
COX19,12,COX19,gene
COX20,13,COX20,gene
CPEB2-DT,5,CPEB2-DT,gene
CPNE1,6,CPNE1,gene
CREB1,73,CREB1,tf
CRH,13,CRH,gene
CRHR1,14,CRHR1,gene
CRHR2,17,CRHR2,gene
CRISP2,2,CRISP2,gene
CRTAP,9,CRTAP,gene
CRTC3,6,CRTC3,gene
CRYBB3,11,CRYBB3,gene
CRYBG3,3,CRYBG3,gene
CSMD3,14,CSMD3,gene
CSNK1E,8,CSNK1E,gene
CSNK1G1,20,CSNK1G1,gene
CSNK1G2,16,CSNK1G2,gene
CSRNP2,7,CSRNP2,gene
CSTB,24,CSTB,gene
CSTF1,11,CSTF1,gene
CTBP2,7,CTBP2,gene
CTCF,103,CTCF,tf
CTCF-SATELLITEELEMENT,13,CTCF-SATELLITEELEMENT,tf
CTCFL,285,CTCFL,tf
CTDNEP1,27,CTDNEP1,gene
CTHRC1,9,CTHRC1,gene
CTSC,15,CTSC,gene
CTSV,14,CTSV,gene
CTXN2,3,CTXN2,gene
CUL1,4,CUL1,gene
CUX1,13,CUX1,gene
CUX2,5,CUX2,tf
CXXC4,6,CXXC4,gene
CYB5D1,9,CYB5D1,gene
DAB1,7,DAB1,gene
DAG1,14,DAG1,gene
DAGLB,4,DAGLB,gene
DANT1,22,DANT1,gene
DBF4B,8,DBF4B,gene
DCAF5,12,DCAF5,gene
DCBLD1,22,DCBLD1,gene
DCK,20,DCK,gene
DCP1A,13,DCP1A,gene
DCTD,11,DCTD,gene
DCTN1,14,DCTN1,gene
DDIT3,16,DDIT3,tf
DDX3X,18,DDX3X,gene
DDX59,7,DDX59,gene
DEGS1,18,DEGS1,gene
DEK,12,DEK,gene
DERA,12,DERA,gene
DEXI,10,DEXI,gene
DGKH,9,DGKH,gene
DHCR24,7,DHCR24,gene
DHRS12,20,DHRS12,gene
DHX33,21,DHX33,gene
DISP3,5,DISP3,gene
DLD,13,DLD,gene
DLG1,18,DLG1,gene
DLG2,11,DLG2,gene
DLGAP1,9,DLGAP1,gene
DLX3,5,DLX3,tf
DLX6,4,DLX6,gene
DMC1,17,DMC1,tf
DMRT1,5,DMRT1,tf
DMRT6,7,DMRT6,tf
DMRTA1,19,DMRTA1,gene
DNAJC10,13,DNAJC10,gene
DNAJC28,13,DNAJC28,gene
DNMT3A,16,DNMT3A,gene
DOCK10,8,DOCK10,gene
DOCK4-AS1,5,DOCK4-AS1,gene
DOCK5,8,DOCK5,gene
DPH6-DT,6,DPH6-DT,gene
DPH7,8,DPH7,gene
DPPA2,5,DPPA2,gene
DPY19L1,18,DPY19L1,gene
DPY19L4,15,DPY19L4,gene
DPYD-AS1,11,DPYD-AS1,gene
DSCAS,17,DSCAS,gene
DSG2,9,DSG2,gene
DSTN,12,DSTN,gene
DTNBP1,17,DTNBP1,gene
DUS2,9,DUS2,gene
DUSP19,3,DUSP19,gene
DUSP22,12,DUSP22,gene
DUX,2,DUX,tf
DUX4,12,DUX4,tf
DYRK1A,27,DYRK1A,gene
DZIP1L,31,DZIP1L,gene
E-BOX,71,E-BOX,tf
E2A,1,E2A,tf
E2F,45,E2F,tf
E2F1,160,E2F1,tf
E2F2,8,E2F2,gene
E2F3,137,E2F3,tf
E2F4,23,E2F4,tf
E2F6,28,E2F6,tf
E2F7,130,E2F7,tf
EAR2,17,EAR2,tf
EBF1,94,EBF1,tf
EBF1_2,90,EBF1_2,tf
EBF2,41,EBF2,tf
EBNA1,14,EBNA1,tf
ECE1,15,ECE1,gene
ECHDC2,5,ECHDC2,gene
EED,12,EED,gene
EEF1AKMT2,4,EEF1AKMT2,gene
EFHD1,8,EFHD1,gene
EFTUD2,15,EFTUD2,gene
EGR1,101,EGR1,tf
EGR2,285,EGR2,tf
EHBP1,18,EHBP1,gene
EHF,61,EHF,tf
EIF4EBP1,17,EIF4EBP1,gene
EIF4H,7,EIF4H,gene
EIF5A,8,EIF5A,gene
EIF5A2,21,EIF5A2,gene
ELAVL4,19,ELAVL4,gene
ELF1,117,ELF1,tf
ELF2,11,ELF2,gene
ELF3,57,ELF3,tf
ELF4,38,ELF4,tf
ELF5,54,ELF5,tf
ELK1,50,ELK1,tf
EMC6,14,EMC6,gene
EML1,16,EML1,gene
EMSY,7,EMSY,gene
ENAH,16,ENAH,gene
ENC1,1,ENC1,gene
ENDOD1,6,ENDOD1,gene
ENGASE,8,ENGASE,gene
ENOPH1,20,ENOPH1,gene
ENPP1,17,ENPP1,gene
EOMES,10,EOMES,tf
EP400,16,EP400,gene
EPAS1,8,EPAS1,tf
EPB41L2,19,EPB41L2,gene
EPB41L3,9,EPB41L3,gene
EPHA4,10,EPHA4,gene
EPHB4,25,EPHB4,gene
EPS8,4,EPS8,gene
ERBIN,17,ERBIN,gene
ERC2,10,ERC2,gene
ERCC4,5,ERCC4,gene
ERG,79,ERG,tf
ERG28,10,ERG28,gene
ERGIC1,19,ERGIC1,gene
ERI2,11,ERI2,gene
ERVH48-1,25,ERVH48-1,gene
ESR1,11,ESR1,tf
ESRRA,51,ESRRA,tf
ESRRB,22,ESRRB,tf
ESYT2,10,ESYT2,gene
ETDC,8,ETDC,gene
ETS,127,ETS,tf
ETS:E-BOX,34,ETS:E-BOX,tf
ETS:RUNX,46,ETS:RUNX,tf
ETS1,117,ETS1,tf
ETS1-DISTAL,50,ETS1-DISTAL,tf
ETV1,46,ETV1,tf
ETV4,58,ETV4,tf
ETV5,19,ETV5,gene
ETV6,9,ETV6,gene
EVL,17,EVL,gene
EWS:ERG-FUSION,37,EWS:ERG-FUSION,tf
EWS:FLI1-FUSION,74,EWS:FLI1-FUSION,tf
EWSR1,14,EWSR1,gene
EXOG,11,EXOG,gene
EZH2,3,EZH2,gene
FA2H,16,FA2H,gene
FADS3,11,FADS3,gene
FAM120AOS,11,FAM120AOS,gene
FAM133B,8,FAM133B,gene
FAM13B,14,FAM13B,gene
FAM149A,3,FAM149A,gene
FAM168B,13,FAM168B,gene
FAM171B,8,FAM171B,gene
FAM177A1,14,FAM177A1,gene
FAM181B,6,FAM181B,gene
FAM208B,10,FAM208B,gene
FAM214A,15,FAM214A,gene
FAM217B,14,FAM217B,gene
FAM24B-CUZD1,6,FAM24B-CUZD1,gene
FAM69B,13,FAM69B,gene
FAM78B,14,FAM78B,gene
FAM84B,13,FAM84B,gene
FAM98A,11,FAM98A,gene
FANCC,12,FANCC,gene
FANCL,8,FANCL,gene
FAT1,7,FAT1,gene
FBXO4,14,FBXO4,gene
FBXO42,14,FBXO42,gene
FBXO48,15,FBXO48,gene
FCHO2,15,FCHO2,gene
FCHSD2,17,FCHSD2,gene
FEM1B,3,FEM1B,gene
FERMT2,13,FERMT2,gene
FEZ2,13,FEZ2,gene
FGF12,2,FGF12,gene
FGFR1OP2,14,FGFR1OP2,gene
FILIP1L,9,FILIP1L,gene
FLJ46906,3,FLJ46906,gene
FLOT2,15,FLOT2,gene
FMC1,5,FMC1,gene
FMN1,6,FMN1,gene
FMNL2,8,FMNL2,gene
FMNL3,14,FMNL3,gene
FNDC3A,8,FNDC3A,gene
FNIP2,8,FNIP2,gene
FOCAD,19,FOCAD,gene
FOS,23,FOS,tf
FOX:EBOX,47,FOX:EBOX,tf
FOXA1,51,FOXA1,tf
FOXA1_2,52,FOXA1_2,tf
FOXA1:AR,16,FOXA1:AR,tf
FOXA2,48,FOXA2,tf
FOXA3,41,FOXA3,tf
FOXF1,42,FOXF1,tf
FOXH1,20,FOXH1,tf
FOXJ2,22,FOXJ2,gene
FOXK2,21,FOXK2,tf
FOXL2_2,40,FOXL2_2,tf
FOXM1,26,FOXM1,tf
FOXO1,21,FOXO1,tf
FOXO3,65,FOXO3,tf
FOXP1,57,FOXP1,tf
FRA2,13,FRA2,tf
FRG1BP,12,FRG1BP,gene
FRMD5,22,FRMD5,gene
FSBP,6,FSBP,gene
FSD1L,9,FSD1L,gene
FSTL1,4,FSTL1,gene
FTSJ1,8,FTSJ1,gene
FTX,9,FTX,gene
FUNDC1,8,FUNDC1,gene
FUT9,4,FUT9,gene
FXR1,14,FXR1,gene
GAB1,6,GAB1,gene
GABBR1,8,GABBR1,gene
GABPA,35,GABPA,tf
GABRB1,9,GABRB1,gene
GABRG1,8,GABRG1,gene
GALNT13,4,GALNT13,gene
GALNT17,17,GALNT17,gene
GALNT3,13,GALNT3,gene
GALNT6,6,GALNT6,gene
GALNT8,15,GALNT8,gene
GAP43,6,GAP43,gene
GAREM1,6,GAREM1,gene
GASAL1,8,GASAL1,gene
GATA,12,GATA,tf
GATA_2,9,GATA_2,tf
GATA:SCL,20,GATA:SCL,tf
GATA1,23,GATA1,tf
GATA2,20,GATA2,tf
GATA3,3,GATA3,tf
GATA3_2,6,GATA3_2,tf
GATA4,1,GATA4,tf
GATA6,8,GATA6,tf
GATD3A,24,GATD3A,gene
GBA,9,GBA,gene
GBE1,14,GBE1,gene
GBX2,11,GBX2,gene
GCC2-AS1,14,GCC2-AS1,gene
GDA,1,GDA,gene
GDF11,8,GDF11,gene
GDPD1,13,GDPD1,gene
GDPD5,18,GDPD5,gene
GEMIN8,9,GEMIN8,gene
GEN1,30,GEN1,gene
GFI1B,42,GFI1B,tf
GFOD1,15,GFOD1,gene
GFX,32,GFX,tf
GFY,60,GFY,tf
GFY-STAF,45,GFY-STAF,tf
GGA1,18,GGA1,gene
GGACT,13,GGACT,gene
GGCX,11,GGCX,gene
GGNBP2,15,GGNBP2,gene
GHET1,8,GHET1,gene
GINM1,13,GINM1,gene
GINS4,13,GINS4,gene
GJA1,9,GJA1,gene
GLB1,13,GLB1,gene
GLI2,4,GLI2,gene
GLI3,37,GLI3,tf
GLIS2,15,GLIS2,gene
GLIS3,189,GLIS3,tf
GLOD4,10,GLOD4,gene
GLRA1,8,GLRA1,gene
GLRX2,8,GLRX2,gene
GLTPD2,14,GLTPD2,gene
GLUD1,3,GLUD1,gene
GMEB2,7,GMEB2,gene
GNA13,12,GNA13,gene
GNAI2,13,GNAI2,gene
GNAQ,5,GNAQ,gene
GNB4,15,GNB4,gene
GNL3,6,GNL3,gene
GOLGA3,11,GOLGA3,gene
GOLGA7,14,GOLGA7,gene
GOPC,4,GOPC,gene
GPAT4,9,GPAT4,gene
GPATCH8,20,GPATCH8,gene
GPBP1,20,GPBP1,gene
GPC4,11,GPC4,gene
GPD2,20,GPD2,gene
GPM6B,14,GPM6B,gene
GPR149,3,GPR149,gene
GPR17,22,GPR17,gene
GPR87,13,GPR87,gene
GPX4,17,GPX4,gene
GRB14,5,GRB14,gene
GRE,9,GRE,tf
GRHL2,15,GRHL2,tf
GRHPR,16,GRHPR,gene
GRIA3,16,GRIA3,gene
GRIK4,9,GRIK4,gene
GRIN3A,3,GRIN3A,gene
GRIP2,12,GRIP2,gene
GRK5,17,GRK5,gene
GRM8,3,GRM8,gene
GSDMD,24,GSDMD,gene
GSE1,10,GSE1,gene
GSR,13,GSR,gene
GSTCD,9,GSTCD,gene
GSTM4,13,GSTM4,gene
GTF2F2,22,GTF2F2,gene
GTF2H4,12,GTF2H4,gene
GTF3A,11,GTF3A,gene
GXYLT1,14,GXYLT1,gene
GYG2,14,GYG2,gene
HABP2,11,HABP2,gene
HACD1,16,HACD1,gene
HACD4,9,HACD4,gene
HAND2,49,HAND2,tf
HAUS1,21,HAUS1,gene
HAX1,14,HAX1,gene
HBEGF,12,HBEGF,gene
HBP1,5,HBP1,gene
HBQ1,3,HBQ1,gene
HDAC7,22,HDAC7,gene
HDAC8,32,HDAC8,gene
HDAC9,22,HDAC9,gene
HDGF,5,HDGF,gene
HDHD5,8,HDHD5,gene
HEATR1,11,HEATR1,gene
HEATR3,3,HEATR3,gene
HEBP2,8,HEBP2,gene
HELZ,22,HELZ,gene
HEY2,15,HEY2,gene
HFM1,8,HFM1,gene
HHIP-AS1,16,HHIP-AS1,gene
HHIPL1,14,HHIPL1,gene
HIBCH,17,HIBCH,gene
HILPDA,13,HILPDA,gene
HINFP,51,HINFP,tf
HIST1H2AL,17,HIST1H2AL,gene
HIST1H2BD,12,HIST1H2BD,gene
HK2,12,HK2,gene
HLCS,21,HLCS,gene
HLF,6,HLF,tf
HM13-AS1,20,HM13-AS1,gene
HMGN1,20,HMGN1,gene
HNF1A,7,HNF1A,tf
HNF1B,4,HNF1B,tf
HNF4A,32,HNF4A,tf
HNRNPD,33,HNRNPD,gene
HNRNPDL,14,HNRNPDL,gene
HNRNPH1,7,HNRNPH1,gene
HNRNPU,22,HNRNPU,gene
HNRNPUL2,8,HNRNPUL2,gene
HOGA1,17,HOGA1,gene
HOXA1,11,HOXA1,tf
HOXA10,3,HOXA10,tf
HOXA2,9,HOXA2,tf
HOXB13,14,HOXB13,tf
HOXB4,6,HOXB4,tf
HOXC9,10,HOXC9,tf
HOXD10,2,HOXD10,tf
HOXD12,3,HOXD12,tf
HOXD13,8,HOXD13,tf
HP1BP3,16,HP1BP3,gene
HPS4,11,HPS4,gene
HRASLS,5,HRASLS,gene
HRE,22,HRE,tf
HRK,18,HRK,gene
HS3ST3A1,11,HS3ST3A1,gene
HS6ST2-AS1,11,HS6ST2-AS1,gene
HS6ST3,3,HS6ST3,gene
HSCB,3,HSCB,gene
HSD17B4,12,HSD17B4,gene
HSF1,20,HSF1,tf
HSPA9,8,HSPA9,gene
HSPB11,19,HSPB11,gene
HSPG2,16,HSPG2,gene
HTATSF1,16,HTATSF1,gene
HTR1F,7,HTR1F,gene
IBTK,8,IBTK,gene
IDH1,11,IDH1,gene
IDI1,15,IDI1,gene
IER5L,23,IER5L,gene
IFT22,15,IFT22,gene
IGDCC3,16,IGDCC3,gene
IGF1R,13,IGF1R,gene
IGF2BP1,40,IGF2BP1,gene
IGFBP2,5,IGFBP2,gene
IGSF11,16,IGSF11,gene
IL13RA1,21,IL13RA1,gene
IL17D,20,IL17D,gene
IL1RAPL1,5,IL1RAPL1,gene
IMPACT,15,IMPACT,gene
INAFM1,15,INAFM1,gene
ING5,11,ING5,gene
IPO5,27,IPO5,gene
IPP,9,IPP,gene
IQGAP2,16,IQGAP2,gene
IRF:BATF,24,IRF:BATF,tf
IRF1,33,IRF1,tf
IRF2,3,IRF2,tf
IRF3,52,IRF3,tf
IRF4,1,IRF4,tf
IRF8,59,IRF8,tf
IRF8_2,32,IRF8_2,tf
IRS1,18,IRS1,gene
IRS2,22,IRS2,gene
ISRE,28,ISRE,tf
ITGAV,16,ITGAV,gene
ITGB1BP1,13,ITGB1BP1,gene
ITGB4,9,ITGB4,gene
ITPK1,13,ITPK1,gene
JADE2,9,JADE2,gene
JADE3,10,JADE3,gene
JAG1,7,JAG1,gene
JAK2,11,JAK2,gene
JAM2,6,JAM2,gene
JARID2,13,JARID2,gene
JMJD1C,5,JMJD1C,gene
JMJD1C-AS1,4,JMJD1C-AS1,gene
JMY,17,JMY,gene
JPH3,14,JPH3,gene
JRK,17,JRK,gene
JUN,14,JUN,tf
JUND,60,JUND,tf
KANK1,12,KANK1,gene
KATNAL1,13,KATNAL1,gene
KBTBD11,7,KBTBD11,gene
KBTBD2,10,KBTBD2,gene
KCMF1,11,KCMF1,gene
KCNB2,9,KCNB2,gene
KCND2,2,KCND2,gene
KCNE5,17,KCNE5,gene
KCNG1,4,KCNG1,gene
KCNH5,10,KCNH5,gene
KCNH7,8,KCNH7,gene
KCNIP2,8,KCNIP2,gene
KCNMB1,10,KCNMB1,gene
KCNS3,26,KCNS3,gene
KCTD1,13,KCTD1,gene
KCTD14,6,KCTD14,gene
KCTD3,5,KCTD3,gene
KDM2B,6,KDM2B,gene
KDM7A-DT,6,KDM7A-DT,gene
KDSR,14,KDSR,gene
KHDRBS1,17,KHDRBS1,gene
KIAA0232,7,KIAA0232,gene
KIAA0513,30,KIAA0513,gene
KIAA0586,7,KIAA0586,gene
KIAA1147,13,KIAA1147,gene
KIAA1211,12,KIAA1211,gene
KIAA1549,13,KIAA1549,gene
KIF22,14,KIF22,gene
KIF27,7,KIF27,gene
KIRREL3-AS3,4,KIRREL3-AS3,gene
KLF1,79,KLF1,tf
KLF10,135,KLF10,tf
KLF11,20,KLF11,gene
KLF12,14,KLF12,gene
KLF14,703,KLF14,tf
KLF16,15,KLF16,gene
KLF3,677,KLF3,tf
KLF4,142,KLF4,tf
KLF5,499,KLF5,tf
KLF6,486,KLF6,tf
KLF9,334,KLF9,tf
KLHL11,12,KLHL11,gene
KLHL12,17,KLHL12,gene
KLHL15,34,KLHL15,gene
KLHL29,17,KLHL29,gene
KRAS,6,KRAS,gene
KRT18P55,7,KRT18P55,gene
KSR2,9,KSR2,gene
KYAT1,18,KYAT1,gene
LAMP1,19,LAMP1,gene
LARP1B,9,LARP1B,gene
LARP4B,11,LARP4B,gene
LCE3A,9,LCE3A,gene
LCORL,17,LCORL,gene
LDB3,9,LDB3,gene
LDHA,10,LDHA,gene
LDLRAD3,9,LDLRAD3,gene
LEF1,20,LEF1,tf
LEMD2,9,LEMD2,gene
LEO1,14,LEO1,gene
LEPROT,19,LEPROT,gene
LHFPL2,9,LHFPL2,gene
LHX3,6,LHX3,tf
LIAS,5,LIAS,gene
LIG1,25,LIG1,gene
LIMCH1,17,LIMCH1,gene
LIN28A,18,LIN28A,gene
LIN28B,14,LIN28B,gene
LIN9,16,LIN9,gene
LINC00574,9,LINC00574,gene
LINC00587,14,LINC00587,gene
LINC00637,12,LINC00637,gene
LINC00680,7,LINC00680,gene
LINC00992,5,LINC00992,gene
LINC01007,16,LINC01007,gene
LINC01063,15,LINC01063,gene
LINC01132,18,LINC01132,gene
LINC01184,5,LINC01184,gene
LINC01315,10,LINC01315,gene
LINC01492,18,LINC01492,gene
LINC01607,14,LINC01607,gene
LINC01692,18,LINC01692,gene
LINC01763,5,LINC01763,gene
LINC01767,11,LINC01767,gene
LINC01933,9,LINC01933,gene
LINC02012,11,LINC02012,gene
LINC02039,11,LINC02039,gene
LINC02387,20,LINC02387,gene
LINC02478,23,LINC02478,gene
LINC02506,3,LINC02506,gene
LINGO1,5,LINGO1,gene
LLGL1,17,LLGL1,gene
LLGL2,17,LLGL2,gene
LLPH,9,LLPH,gene
LMAN1,10,LMAN1,gene
LMNA,12,LMNA,gene
LMNB1,10,LMNB1,gene
LMOD2,9,LMOD2,gene
LNPEP,10,LNPEP,gene
LOC100128494,16,LOC100128494,gene
LOC100130283,12,LOC100130283,gene
LOC100130744,10,LOC100130744,gene
LOC100268168,13,LOC100268168,gene
LOC100287837,13,LOC100287837,gene
LOC100288123,13,LOC100288123,gene
LOC100288175,13,LOC100288175,gene
LOC100294362,7,LOC100294362,gene
LOC100499489,1,LOC100499489,gene
LOC100506679,3,LOC100506679,gene
LOC100507250,11,LOC100507250,gene
LOC100507557,22,LOC100507557,gene
LOC100507634,4,LOC100507634,gene
LOC101927765,22,LOC101927765,gene
LOC101928254,8,LOC101928254,gene
LOC101928540,18,LOC101928540,gene
LOC101928673,10,LOC101928673,gene
LOC101928674,22,LOC101928674,gene
LOC101928739,12,LOC101928739,gene
LOC101929457,27,LOC101929457,gene
LOC101929517,11,LOC101929517,gene
LOC101929550,8,LOC101929550,gene
LOC101929570,5,LOC101929570,gene
LOC101929709,5,LOC101929709,gene
LOC101930010,14,LOC101930010,gene
LOC102723665,9,LOC102723665,gene
LOC102724156,5,LOC102724156,gene
LOC102724579,13,LOC102724579,gene
LOC102724804,11,LOC102724804,gene
LOC103344931,14,LOC103344931,gene
LOC105371789,14,LOC105371789,gene
LOC105372633,13,LOC105372633,gene
LOC105374952,15,LOC105374952,gene
LOC105375690,7,LOC105375690,gene
LOC105375972,9,LOC105375972,gene
LOC105376975,9,LOC105376975,gene
LOC105377342,1,LOC105377342,gene
LOC105377348,12,LOC105377348,gene
LOC105379152,12,LOC105379152,gene
LOC105379194,12,LOC105379194,gene
LOC145783,7,LOC145783,gene
LOC150051,4,LOC150051,gene
LOC150776,21,LOC150776,gene
LOC284241,9,LOC284241,gene
LOC374443,13,LOC374443,gene
LOC389247,21,LOC389247,gene
LOC644135,4,LOC644135,gene
LOC646383,15,LOC646383,gene
LOC652276,15,LOC652276,gene
LONP1,10,LONP1,gene
LONRF1,25,LONRF1,gene
LRF,2,LRF,tf
LRFN4,22,LRFN4,gene
LRIG3,11,LRIG3,gene
LRP6,8,LRP6,gene
LRPPRC,7,LRPPRC,gene
LRRC1,6,LRRC1,gene
LRRC20,12,LRRC20,gene
LRRC57,10,LRRC57,gene
LRRCC1,19,LRRCC1,gene
LRRN3,14,LRRN3,gene
LSM1,17,LSM1,gene
LSM14B,16,LSM14B,gene
LSM4,12,LSM4,gene
LYPD6,9,LYPD6,gene
LYPD6B,19,LYPD6B,gene
LYRM4-AS1,13,LYRM4-AS1,gene
LYSMD2,20,LYSMD2,gene
MACO1,10,MACO1,gene
MAFA,22,MAFA,tf
MAFB,10,MAFB,tf
MAFF,15,MAFF,tf
MAFK,19,MAFK,tf
MAGEF1,8,MAGEF1,gene
MAGI1-AS1,24,MAGI1-AS1,gene
MAGI1-IT1,6,MAGI1-IT1,gene
MALINC1,7,MALINC1,gene
MAP3K7,30,MAP3K7,gene
MAP4K4,21,MAP4K4,gene
MAP6D1,13,MAP6D1,gene
MAPKAPK3,20,MAPKAPK3,gene
MARC1,17,MARC1,gene
MARCH2,13,MARCH2,gene
MARF1,20,MARF1,gene
MARK2,15,MARK2,gene
MASP1,4,MASP1,gene
MASTL,18,MASTL,gene
MAVS,10,MAVS,gene
MAX,15,MAX,tf
MAZ,79,MAZ,tf
MBD1,14,MBD1,gene
MBOAT1,6,MBOAT1,gene
MCC,6,MCC,gene
MCM8,7,MCM8,gene
MCMDC2,7,MCMDC2,gene
MCOLN3,7,MCOLN3,gene
MCPH1-AS1,5,MCPH1-AS1,gene
MCRIP1,26,MCRIP1,gene
MCTS1,3,MCTS1,gene
MDFIC,7,MDFIC,gene
MDH2,9,MDH2,gene
MDM1,13,MDM1,gene
MDM2,27,MDM2,gene
MED12L,3,MED12L,gene
MED23,6,MED23,gene
MED31,17,MED31,gene
MED6,16,MED6,gene
MEF2A,16,MEF2A,tf
MEF2B,12,MEF2B,tf
MEF2C,18,MEF2C,tf
MEF2D,20,MEF2D,tf
MEPCE,14,MEPCE,gene
METTL1,6,METTL1,gene
METTL21A,11,METTL21A,gene
METTL27,21,METTL27,gene
METTL9,8,METTL9,gene
MFN1,11,MFN1,gene
MGA,14,MGA,gene
MGST2,6,MGST2,gene
MID1IP1-AS1,15,MID1IP1-AS1,gene
MIER1,17,MIER1,gene
MIF,12,MIF,gene
MIOS,13,MIOS,gene
MIPOL1,5,MIPOL1,gene
MIR1183,7,MIR1183,gene
MIR1204,12,MIR1204,gene
MIR1226,13,MIR1226,gene
MIR130B,35,MIR130B,gene
MIR181C,18,MIR181C,gene
MIR219B,13,MIR219B,gene
MIR3145,1,MIR3145,gene
MIR3170,5,MIR3170,gene
MIR374B,5,MIR374B,gene
MIR378G,8,MIR378G,gene
MIR3917,11,MIR3917,gene
MIR4453HG,15,MIR4453HG,gene
MIR4466,16,MIR4466,gene
MIR4472-2,15,MIR4472-2,gene
MIR4660,10,MIR4660,gene
MIR4714,35,MIR4714,gene
MIR4762,9,MIR4762,gene
MIR4794,6,MIR4794,gene
MIR5092,9,MIR5092,gene
MIR545,13,MIR545,gene
MIR548AH,10,MIR548AH,gene
MIR548H3,14,MIR548H3,gene
MIR548W,14,MIR548W,gene
MIR5787,14,MIR5787,gene
MIR589,10,MIR589,gene
MIR6089,15,MIR6089,gene
MIR6763,15,MIR6763,gene
MIR6827,13,MIR6827,gene
MIR7110,10,MIR7110,gene
MIR7151,31,MIR7151,gene
MIR9-2,13,MIR9-2,gene
MITF,21,MITF,tf
MKL2,13,MKL2,gene
MKRN2,5,MKRN2,gene
MLEC,31,MLEC,gene
MLF2,9,MLF2,gene
MLLT10,11,MLLT10,gene
MMD,16,MMD,gene
MMGT1,20,MMGT1,gene
MMP15,10,MMP15,gene
MMP24OS,20,MMP24OS,gene
MMS19,19,MMS19,gene
MMS22L,10,MMS22L,gene
MNT,38,MNT,tf
MOB3B,13,MOB3B,gene
MON1A,12,MON1A,gene
MPC1,17,MPC1,gene
MPDZ,8,MPDZ,gene
MPHOSPH10,17,MPHOSPH10,gene
MPHOSPH6,12,MPHOSPH6,gene
MPP5,6,MPP5,gene
MPP6,16,MPP6,gene
MRFAP1,1,MRFAP1,gene
MRPL38,15,MRPL38,gene
MRPL40,7,MRPL40,gene
MRPL44,15,MRPL44,gene
MRPS31,4,MRPS31,gene
MRS2,5,MRS2,gene
MSC-AS1,2,MSC-AS1,gene
MSI1,21,MSI1,gene
MSL2,9,MSL2,gene
MTA3,32,MTA3,gene
MTF2,4,MTF2,gene
MTHFD2L,10,MTHFD2L,gene
MTHFS,4,MTHFS,gene
MTIF3,5,MTIF3,gene
MTMR10,10,MTMR10,gene
MTMR7,15,MTMR7,gene
MTSS1,12,MTSS1,gene
MYBL1,21,MYBL1,tf
MYC,52,MYC,tf
MYCN,41,MYCN,tf
MYF5,35,MYF5,tf
MYNN,17,MYNN,tf
MYO10,15,MYO10,gene
MYO1B,3,MYO1B,gene
MYO1D,11,MYO1D,gene
MYOD1,87,MYOD1,tf
MYOG,59,MYOG,tf
MZT1,6,MZT1,gene
N4BP2,11,N4BP2,gene
NAA15,14,NAA15,gene
NAA25,12,NAA25,gene
NAA30,12,NAA30,gene
NAA40,11,NAA40,gene
NAA50,15,NAA50,gene
NAAA,4,NAAA,gene
NAB1,4,NAB1,gene
NAB2,22,NAB2,gene
NACA,13,NACA,gene
NACAD,19,NACAD,gene
NAGK,15,NAGK,gene
NANOG,1,NANOG,tf
NANOS1,17,NANOS1,gene
NAPG,4,NAPG,gene
NARS2,8,NARS2,gene
NAV2-AS2,12,NAV2-AS2,gene
NAXD,14,NAXD,gene
NBAT1,16,NBAT1,gene
NBEA,6,NBEA,gene
NBEAL2,11,NBEAL2,gene
NCAM2,3,NCAM2,gene
NCK2,3,NCK2,gene
NDST1-AS1,21,NDST1-AS1,gene
NDUFA5,19,NDUFA5,gene
NDUFV2-AS1,13,NDUFV2-AS1,gene
NEBL,18,NEBL,gene
NEDD4L,5,NEDD4L,gene
NEK1,14,NEK1,gene
NEK11,13,NEK11,gene
NEK7,8,NEK7,gene
NELFA,20,NELFA,gene
NELL2,2,NELL2,gene
NEO1,8,NEO1,gene
NEU3,6,NEU3,gene
NEUROD1,36,NEUROD1,tf
NEUROG2,32,NEUROG2,tf
NEXN,18,NEXN,gene
NF1,24,NF1,gene
NF1:FOXA1,10,NF1:FOXA1,tf
NFAT:AP1,25,NFAT:AP1,tf
NFATC1,30,NFATC1,tf
NFE2,44,NFE2,tf
NFE2L2,10,NFE2L2,tf
NFE2L2_2,16,NFE2L2_2,tf
NFIB,68,NFIB,tf
NFKB-P65-REL,27,NFKB-P65-REL,tf
NFKB1,48,NFKB1,tf
NFKBIZ,11,NFKBIZ,gene
NFYA,126,NFYA,tf
NIF3L1,20,NIF3L1,gene
NIFK-AS1,6,NIFK-AS1,gene
NIPAL2,2,NIPAL2,gene
NKIRAS2,18,NKIRAS2,gene
NKX3-1,4,NKX3-1,tf
NMRK1,14,NMRK1,gene
NPAS2,39,NPAS2,tf
NR1D1,27,NR1D1,tf
NR1H2,14,NR1H2,tf
NR1H4,13,NR1H4,tf
NR2C2,48,NR2C2,tf
NR2E1,56,NR2E1,tf
NR3C1,17,NR3C1,tf
NR4A1,32,NR4A1,tf
NR5A2,32,NR5A2,tf
NR5A2_2,34,NR5A2_2,tf
NREP,14,NREP,gene
NRF,53,NRF,tf
NRF1,319,NRF1,tf
NRG3-AS1,7,NRG3-AS1,gene
NRIP1,3,NRIP1,gene
NRTN,6,NRTN,gene
NSD1,5,NSD1,gene
NSFL1C,11,NSFL1C,gene
NSUN2,16,NSUN2,gene
NSUN5P2,1,NSUN5P2,gene
NUAK1,12,NUAK1,gene
NUDT15,9,NUDT15,gene
NUP85,1,NUP85,gene
NUP93,18,NUP93,gene
NXF1,9,NXF1,gene
NYX,5,NYX,gene
OARD1,19,OARD1,gene
OBSCN-AS1,11,OBSCN-AS1,gene
OCT:OCT,7,OCT:OCT,tf
OCT:OCT_2,13,OCT:OCT_2,tf
OCT:OCT_3,20,OCT:OCT_3,tf
OCT:OCT-SHORT,3,OCT:OCT-SHORT,tf
OCT4-SOX2-TCF-NANOG,73,OCT4-SOX2-TCF-NANOG,tf
OCT4:SOX17,19,OCT4:SOX17,tf
ODC1,17,ODC1,gene
OFD1,11,OFD1,gene
OLFM3,10,OLFM3,gene
OLIG2,1,OLIG2,tf
OLIG3,9,OLIG3,gene
ONECUT1,7,ONECUT1,tf
ONECUT2,6,ONECUT2,gene
OPCML,7,OPCML,gene
OR7E12P,12,OR7E12P,gene
ORAI2,16,ORAI2,gene
OSBPL10-AS1,8,OSBPL10-AS1,gene
OSBPL11,17,OSBPL11,gene
OSTM1-AS1,13,OSTM1-AS1,gene
OTX2,16,OTX2,tf
OTX2-AS1,6,OTX2-AS1,gene
P2RX4,15,P2RX4,gene
P3H2-AS1,2,P3H2-AS1,gene
P53,33,P53,tf
P53_2,6,P53_2,tf
P73,9,P73,tf
PABPC1L,13,PABPC1L,gene
PACS2,20,PACS2,gene
PACSIN3,12,PACSIN3,gene
PAFAH1B2,25,PAFAH1B2,gene
PAK1,3,PAK1,gene
PANX1,11,PANX1,gene
PARD3B,7,PARD3B,gene
PARP6,15,PARP6,gene
PARVA,8,PARVA,gene
PAWR,18,PAWR,gene
PAX3:FKHR-FUSION,8,PAX3:FKHR-FUSION,tf
PAX5,23,PAX5,tf
PAX5_2,17,PAX5_2,tf
PAX6,17,PAX6,tf
PAX7,6,PAX7,tf
PAX7_2,5,PAX7_2,tf
PAX7_3,2,PAX7_3,tf
PAX8,58,PAX8,tf
PAXIP1-AS1,15,PAXIP1-AS1,gene
PBX1,34,PBX1,tf
PBX2,9,PBX2,tf
PBX3,60,PBX3,tf
PCBD2,9,PCBD2,gene
PCDH18,5,PCDH18,gene
PCDHAC2,16,PCDHAC2,gene
PCLO,7,PCLO,gene
PCMT1,11,PCMT1,gene
PCYOX1,20,PCYOX1,gene
PDE3A,8,PDE3A,gene
PDE3B,3,PDE3B,gene
PDE6B,13,PDE6B,gene
PDK1,7,PDK1,gene
PDPR,17,PDPR,gene
PDSS1,14,PDSS1,gene
PDX1,9,PDX1,tf
PELI2,22,PELI2,gene
PEX16,5,PEX16,gene
PGAM1,9,PGAM1,gene
PGR,7,PGR,tf
PGRMC2,18,PGRMC2,gene
PHF10,15,PHF10,gene
PHF7,14,PHF7,gene
PHIP,3,PHIP,gene
PHKA2,15,PHKA2,gene
PHLDA1,2,PHLDA1,gene
PHLDA3,19,PHLDA3,gene
PHLPP2,16,PHLPP2,gene
PHOX2A,7,PHOX2A,tf
PHOX2B,3,PHOX2B,tf
PICALM,21,PICALM,gene
PIEZO1,12,PIEZO1,gene
PIGP,8,PIGP,gene
PIK3R1,7,PIK3R1,gene
PIK3R4,10,PIK3R4,gene
PILRA,1,PILRA,gene
PIM3,12,PIM3,gene
PIP5K1B,5,PIP5K1B,gene
PIT1+1BP,9,PIT1+1BP,tf
PITX1:EBOX,12,PITX1:EBOX,tf
PKDCC,8,PKDCC,gene
PKIA,8,PKIA,gene
PKM,16,PKM,gene
PKN2-AS1,12,PKN2-AS1,gene
PKNOX1,57,PKNOX1,tf
PLEKHA3,11,PLEKHA3,gene
PLEKHM3,5,PLEKHM3,gene
PLEKHO2,15,PLEKHO2,gene
PLIN2,12,PLIN2,gene
PLK4,8,PLK4,gene
PLOD1,9,PLOD1,gene
PLPBP,11,PLPBP,gene
PLPPR1,7,PLPPR1,gene
PLS3,13,PLS3,gene
PLSCR1,10,PLSCR1,gene
PLSCR2,18,PLSCR2,gene
PLSCR4,4,PLSCR4,gene
PLXDC2,5,PLXDC2,gene
PNMA2,11,PNMA2,gene
POGLUT1,6,POGLUT1,gene
POLG2,16,POLG2,gene
POLR2J4,4,POLR2J4,gene
POMT1,6,POMT1,gene
PON1,13,PON1,gene
POP7,16,POP7,gene
POU1F1,9,POU1F1,tf
POU2F1,6,POU2F1,gene
POU2F2,38,POU2F2,tf
POU3F1,45,POU3F1,tf
POU3F2,15,POU3F2,tf
POU3F3,49,POU3F3,tf
POU5F1,52,POU5F1,tf
PPARA,42,PPARA,tf
PPARG,50,PPARG,tf
PPARGC1A,9,PPARGC1A,gene
PPFIBP1,16,PPFIBP1,gene
PPIG,11,PPIG,gene
PPIP5K2,5,PPIP5K2,gene
PPM1M,16,PPM1M,gene
PPP1CB,10,PPP1CB,gene
PPP1R12A,5,PPP1R12A,gene
PPP1R16B,11,PPP1R16B,gene
PPP2CA,20,PPP2CA,gene
PPP2R2B,7,PPP2R2B,gene
PR,4,PR,tf
PRDM1,28,PRDM1,tf
PRDM10,18,PRDM10,tf
PRDM11,16,PRDM11,gene
PRDM14,38,PRDM14,tf
PRDM15,47,PRDM15,tf
PRDM5,8,PRDM5,gene
PRDM9,60,PRDM9,tf
PRELID2,16,PRELID2,gene
PRIMA1,15,PRIMA1,gene
PRKACB,7,PRKACB,gene
PRKAR2B,18,PRKAR2B,gene
PRKCZ,11,PRKCZ,gene
PRKG1,2,PRKG1,gene
PRKY,9,PRKY,gene
PRMT1,5,PRMT1,gene
PROP1,2,PROP1,tf
PRPF40B,18,PRPF40B,gene
PRR16,8,PRR16,gene
PRRC2A,16,PRRC2A,gene
PRSS12,10,PRSS12,gene
PRSS27,15,PRSS27,gene
PRSS35,7,PRSS35,gene
PRUNE2,11,PRUNE2,gene
PSD,4,PSD,gene
PSD4,9,PSD4,gene
PSE,7,PSE,tf
PSIP1,6,PSIP1,gene
PSKH2,9,PSKH2,gene
PSMB6,8,PSMB6,gene
PSMB7,19,PSMB7,gene
PSMD9,19,PSMD9,gene
PTEN,2,PTEN,gene
PTF1A,5,PTF1A,tf
PTGER4,13,PTGER4,gene
PTGFR,3,PTGFR,gene
PTGR1,16,PTGR1,gene
PTK2,12,PTK2,gene
PTPRD,6,PTPRD,gene
PTPRD-AS1,9,PTPRD-AS1,gene
PTPRF,22,PTPRF,gene
PTPRN,25,PTPRN,gene
PU.1-IRF,66,PU.1-IRF,tf
PUM1,8,PUM1,gene
PURB,25,PURB,gene
PUS10,8,PUS10,gene
PUS7L,15,PUS7L,gene
PVR,16,PVR,gene
PVT1,10,PVT1,gene
PWP1,14,PWP1,gene
PWP2,20,PWP2,gene
PYGO2,7,PYGO2,gene
PYM1,22,PYM1,gene
RAB10,4,RAB10,gene
RAB11FIP3,13,RAB11FIP3,gene
RAB23,12,RAB23,gene
RAB24,24,RAB24,gene
RAB33B,12,RAB33B,gene
RAB40AL,11,RAB40AL,gene
RAB40C,18,RAB40C,gene
RABGAP1L,4,RABGAP1L,gene
RABL6,3,RABL6,gene
RAD23B,9,RAD23B,gene
RAD51D,12,RAD51D,gene
RAD52,12,RAD52,gene
RAI14,13,RAI14,gene
RALA,17,RALA,gene
RALBP1,14,RALBP1,gene
RALGDS,13,RALGDS,gene
RAN,19,RAN,gene
RAP1GAP2,8,RAP1GAP2,gene
RAP1GDS1,9,RAP1GDS1,gene
RAPGEF5,8,RAPGEF5,gene
RAR:RXR,38,RAR:RXR,tf
RARB,11,RARB,gene
RARG,40,RARG,tf
RASA3,10,RASA3,gene
RASAL1,17,RASAL1,gene
RASEF,8,RASEF,gene
RASSF3,7,RASSF3,gene
RB1CC1,8,RB1CC1,gene
RBBP8,7,RBBP8,gene
RBL1,18,RBL1,gene
RBM15B,17,RBM15B,gene
RBM25,4,RBM25,gene
RBM47,6,RBM47,gene
RBMS1,7,RBMS1,gene
RBMS3-AS3,15,RBMS3-AS3,gene
RBPJ,57,RBPJ,tf
RBPJ:EBOX,100,RBPJ:EBOX,tf
RCCD1,19,RCCD1,gene
RCOR1,14,RCOR1,gene
RCOR3,18,RCOR3,gene
RDH10,8,RDH10,gene
RDX,16,RDX,gene
REL,14,REL,gene
RELA,36,RELA,tf
REST,33,REST,tf
RETSAT,8,RETSAT,gene
RFX1,51,RFX1,tf
RFX2,45,RFX2,tf
RFX3,52,RFX3,tf
RFX5,64,RFX5,tf
RFX6,28,RFX6,tf
RFXAP,12,RFXAP,gene
RGS10,6,RGS10,gene
RHOBTB1,13,RHOBTB1,gene
RIC1,13,RIC1,gene
RIMS1,7,RIMS1,gene
RIPK1,25,RIPK1,gene
RITA1,17,RITA1,gene
RN7SL832P,12,RN7SL832P,gene
RNF111,6,RNF111,gene
RNF123,5,RNF123,gene
RNF135,2,RNF135,gene
RNF146,9,RNF146,gene
RNF170,12,RNF170,gene
RNF217,8,RNF217,gene
RNU11,6,RNU11,gene
RNU6ATAC,12,RNU6ATAC,gene
ROBO2,3,ROBO2,gene
ROCK2,13,ROCK2,gene
RORA,30,RORA,tf
RORC,15,RORC,tf
RORG,14,RORG,tf
RPAP2,8,RPAP2,gene
RPH3A,13,RPH3A,gene
RPL28,2,RPL28,gene
RPL39L,12,RPL39L,gene
RPP25L,15,RPP25L,gene
RPPH1,15,RPPH1,gene
RPS12,9,RPS12,gene
RPS23,7,RPS23,gene
RPS29,11,RPS29,gene
RRP1,12,RRP1,gene
RTKN,18,RTKN,gene
RTN3,10,RTN3,gene
RTTN,13,RTTN,gene
RUNDC3A,21,RUNDC3A,gene
RUNX,34,RUNX,tf
RUNX-AML,38,RUNX-AML,tf
RUNX1,29,RUNX1,tf
RUNX1T1,7,RUNX1T1,gene
RUNX2,12,RUNX2,tf
RUVBL1-AS1,7,RUVBL1-AS1,gene
RXRA,73,RXRA,tf
RYR2,8,RYR2,gene
SACM1L,9,SACM1L,gene
SAMD14,6,SAMD14,gene
SAMD3,15,SAMD3,gene
SAPCD2,19,SAPCD2,gene
SARS2,9,SARS2,gene
SASH1,7,SASH1,gene
SATB2,7,SATB2,gene
SAXO1,18,SAXO1,gene
SBNO1,25,SBNO1,gene
SCAANT1,6,SCAANT1,gene
SCAF4,21,SCAF4,gene
SCAMP1,6,SCAMP1,gene
SCAND1,15,SCAND1,gene
SCAP,10,SCAP,gene
SCMH1,22,SCMH1,gene
SCN9A,18,SCN9A,gene
SCO2,12,SCO2,gene
SCRT1,17,SCRT1,tf
SCYL3,5,SCYL3,gene
SDHAP3,13,SDHAP3,gene
SDK1,7,SDK1,gene
SEC31A,14,SEC31A,gene
SEC61A2,17,SEC61A2,gene
SECISBP2,9,SECISBP2,gene
SELENOF,11,SELENOF,gene
SELENOM,15,SELENOM,gene
SELENON,19,SELENON,gene
SELENOV,4,SELENOV,gene
SEMA3E,10,SEMA3E,gene
SEMA5B,5,SEMA5B,gene
SENP6,10,SENP6,gene
SENP7,4,SENP7,gene
SENP8,20,SENP8,gene
SEPT10,29,SEPT10,gene
SEPT7,7,SEPT7,gene
SEPT9,15,SEPT9,gene
SERP2,18,SERP2,gene
SERTAD2,10,SERTAD2,gene
SET,6,SET,gene
SETD7,6,SETD7,gene
SF3A3,21,SF3A3,gene
SFN,16,SFN,gene
SFXN5,21,SFXN5,gene
SGK1,27,SGK1,gene
SH2B1,18,SH2B1,gene
SH2D6,18,SH2D6,gene
SH3GLB1,12,SH3GLB1,gene
SH3RF1,6,SH3RF1,gene
SH3YL1,18,SH3YL1,gene
SHF,13,SHF,gene
SHISA5,28,SHISA5,gene
SHISAL2B,2,SHISAL2B,gene
SHTN1,2,SHTN1,gene
SIGIRR,20,SIGIRR,gene
SIGLEC16,8,SIGLEC16,gene
SIRT1,20,SIRT1,gene
SIRT5,17,SIRT5,gene
SIX1,17,SIX1,tf
SIX2,6,SIX2,tf
SIX4,27,SIX4,tf
SKI,7,SKI,gene
SKIDA1,24,SKIDA1,gene
SKIL,16,SKIL,gene
SLC16A9,14,SLC16A9,gene
SLC23A1,13,SLC23A1,gene
SLC25A11,7,SLC25A11,gene
SLC25A39,9,SLC25A39,gene
SLC25A51,16,SLC25A51,gene
SLC2A11,4,SLC2A11,gene
SLC35A5,1,SLC35A5,gene
SLC35F2,6,SLC35F2,gene
SLC35G2,10,SLC35G2,gene
SLC38A1,13,SLC38A1,gene
SLC39A13,16,SLC39A13,gene
SLC39A8,12,SLC39A8,gene
SLC43A1,21,SLC43A1,gene
SLC43A2,6,SLC43A2,gene
SLC44A1,6,SLC44A1,gene
SLC44A3,9,SLC44A3,gene
SLC4A4,6,SLC4A4,gene
SLC9B2,4,SLC9B2,gene
SLCO2A1,6,SLCO2A1,gene
SLUG,149,SLUG,tf
SMAD1,8,SMAD1,gene
SMAD2,4,SMAD2,gene
SMARCA4,15,SMARCA4,gene
SMARCAD1,9,SMARCAD1,gene
SMARCC1,13,SMARCC1,gene
SMG7-AS1,18,SMG7-AS1,gene
SMIM14,23,SMIM14,gene
SMIM15,11,SMIM15,gene
SMIM18,7,SMIM18,gene
SMIM8,8,SMIM8,gene
SMO,12,SMO,gene
SMOX,12,SMOX,gene
SMPD2,12,SMPD2,gene
SMPDL3B,2,SMPDL3B,gene
SMYD2,13,SMYD2,gene
SMYD4,11,SMYD4,gene
SNAP25,22,SNAP25,gene
SNORA13,19,SNORA13,gene
SNORA3B,39,SNORA3B,gene
SNORA72,9,SNORA72,gene
SNORA98,8,SNORA98,gene
SNORD145,8,SNORD145,gene
SNORD151,23,SNORD151,gene
SNRNP35,12,SNRNP35,gene
SNTG1,1,SNTG1,gene
SNX22,10,SNX22,gene
SNX29,7,SNX29,gene
SNX31,4,SNX31,gene
SNX7,7,SNX7,gene
SNX9,2,SNX9,gene
SOCS2,11,SOCS2,gene
SOCS6,13,SOCS6,gene
SOGA1,2,SOGA1,gene
SORBS1,10,SORBS1,gene
SOWAHD,11,SOWAHD,gene
SOX15,26,SOX15,tf
SOX17,20,SOX17,tf
SOX2,74,SOX2,tf
SOX4,101,SOX4,tf
SOX5,18,SOX5,gene
SOX9,28,SOX9,tf
SP1,675,SP1,tf
SP2,647,SP2,tf
SP3,17,SP3,gene
SP4,14,SP4,gene
SP5,653,SP5,tf
SPAG1,4,SPAG1,gene
SPAG9,14,SPAG9,gene
SPATS2,14,SPATS2,gene
SPDEF,33,SPDEF,tf
SPEF1,18,SPEF1,gene
SPEN,9,SPEN,gene
SPI1,67,SPI1,tf
SPIB,53,SPIB,tf
SPIN1,12,SPIN1,gene
SPOPL,9,SPOPL,gene
SPPL2A,18,SPPL2A,gene
SPPL3,20,SPPL3,gene
SPRED2,6,SPRED2,gene
SPRY1,5,SPRY1,gene
SPRY2,6,SPRY2,gene
SPRY4,10,SPRY4,gene
SPTLC1,45,SPTLC1,gene
SRC,12,SRC,gene
SREBF1,29,SREBF1,tf
SREBF2,31,SREBF2,tf
SRF,16,SRF,tf
SRFBP1,15,SRFBP1,gene
SRGAP1,9,SRGAP1,gene
SRPK2,13,SRPK2,gene
SRPX,11,SRPX,gene
SRSF9,6,SRSF9,gene
SRXN1,11,SRXN1,gene
SSBP2,15,SSBP2,gene
SSBP3,12,SSBP3,gene
SSFA2,10,SSFA2,gene
ST3GAL2,13,ST3GAL2,gene
ST3GAL6-AS1,5,ST3GAL6-AS1,gene
STAG1,24,STAG1,gene
STAG3L2,12,STAG3L2,gene
STAM,9,STAM,gene
STAT1,34,STAT1,tf
STAT3,25,STAT3,tf
STAT3+IL21,46,STAT3+IL21,tf
STAT4,29,STAT4,tf
STAT5A,35,STAT5A,tf
STAT6,36,STAT6,tf
STAT6_2,33,STAT6_2,tf
STAU2,10,STAU2,gene
STK39,9,STK39,gene
STMN3,13,STMN3,gene
STPG2-AS1,25,STPG2-AS1,gene
STRAP,5,STRAP,gene
STT3B,8,STT3B,gene
STX7,8,STX7,gene
SUMO2,16,SUMO2,gene
SUPT3H,17,SUPT3H,gene
SUSD4,7,SUSD4,gene
SUSD5,2,SUSD5,gene
SYDE2,3,SYDE2,gene
SYNGAP1,8,SYNGAP1,gene
SYNJ1,15,SYNJ1,gene
SYNPR,17,SYNPR,gene
SYTL2,9,SYTL2,gene
SZT2,25,SZT2,gene
T,8,T,tf
T1ISRE,18,T1ISRE,tf
TAB1,3,TAB1,gene
TAB2,8,TAB2,gene
TACC1,3,TACC1,gene
TADA2A,12,TADA2A,gene
TADA3,9,TADA3,gene
TAF12,8,TAF12,gene
TAGLN2,9,TAGLN2,gene
TANC1,6,TANC1,gene
TARBP1,5,TARBP1,gene
TARS,23,TARS,gene
TAX1BP1,14,TAX1BP1,gene
TBCA,10,TBCA,gene
TBK1,19,TBK1,gene
TBL1XR1,13,TBL1XR1,gene
TBOX:SMAD,29,TBOX:SMAD,tf
TBP,20,TBP,tf
TBPL1,6,TBPL1,gene
TBR1,1,TBR1,tf
TBX20,31,TBX20,tf
TBX21,7,TBX21,tf
TBX21_2,16,TBX21_2,tf
TBX3,4,TBX3,gene
TBX6,8,TBX6,tf
TCAIM,5,TCAIM,gene
TCEA1,17,TCEA1,gene
TCF12,76,TCF12,tf
TCF21,60,TCF21,tf
TCF3,31,TCF3,tf
TCF4,27,TCF4,tf
TCF7,24,TCF7,tf
TCF7L1,21,TCF7L1,tf
TCFL2,9,TCFL2,tf
TDRD3,10,TDRD3,gene
TDRP,9,TDRP,gene
TEAD,59,TEAD,tf
TEAD1,72,TEAD1,tf
TEAD2,47,TEAD2,tf
TEAD3,38,TEAD3,tf
TEAD4,14,TEAD4,tf
TEF,15,TEF,gene
TENT2,16,TENT2,gene
TEX14,22,TEX14,gene
TFAP2A,108,TFAP2A,tf
TFAP2C,101,TFAP2C,tf
TFAP4,2,TFAP4,tf
TFCP2L1,29,TFCP2L1,tf
TFDP1,7,TFDP1,gene
TFDP2,6,TFDP2,gene
TFE3,39,TFE3,tf
TFEB,11,TFEB,gene
TGFBR1,14,TGFBR1,gene
TGM2,18,TGM2,gene
THAP11,51,THAP11,tf
THAP4,20,THAP4,gene
THAP8,17,THAP8,gene
THOC2,18,THOC2,gene
THRA,37,THRA,tf
THRB,63,THRB,tf
THSD4-AS1,11,THSD4-AS1,gene
TIMM29,17,TIMM29,gene
TIPARP,11,TIPARP,gene
TK1,16,TK1,gene
TLK1,3,TLK1,gene
TM7SF3,9,TM7SF3,gene
TMA16,7,TMA16,gene
TMBIM4,12,TMBIM4,gene
TMEFF1,11,TMEFF1,gene
TMEM126A,10,TMEM126A,gene
TMEM131L,16,TMEM131L,gene
TMEM168,5,TMEM168,gene
TMEM181,1,TMEM181,gene
TMEM184B,12,TMEM184B,gene
TMEM196,8,TMEM196,gene
TMEM217,9,TMEM217,gene
TMEM219,16,TMEM219,gene
TMEM220-AS1,9,TMEM220-AS1,gene
TMEM222,9,TMEM222,gene
TMEM237,11,TMEM237,gene
TMEM240,10,TMEM240,gene
TMEM250,4,TMEM250,gene
TMEM267,6,TMEM267,gene
TMEM39A,15,TMEM39A,gene
TMEM44,8,TMEM44,gene
TMEM62,9,TMEM62,gene
TMEM65,21,TMEM65,gene
TMPRSS12,10,TMPRSS12,gene
TNIP1,18,TNIP1,gene
TNK2,8,TNK2,gene
TNPO1,15,TNPO1,gene
TNRC18,33,TNRC18,gene
TNRC6C,8,TNRC6C,gene
TNS3,5,TNS3,gene
TOM1L1,9,TOM1L1,gene
TOMM20L,10,TOMM20L,gene
TP53,6,TP53,tf
TP53BP2,10,TP53BP2,gene
TP63,21,TP63,tf
TPD52,3,TPD52,gene
TPT1-AS1,15,TPT1-AS1,gene
TPTEP2-CSNK1E,7,TPTEP2-CSNK1E,gene
TRABD,14,TRABD,gene
TRAF3IP2,27,TRAF3IP2,gene
TRAF3IP2-AS1,17,TRAF3IP2-AS1,gene
TRAPPC9,5,TRAPPC9,gene
TRDMT1,15,TRDMT1,gene
TRERF1,6,TRERF1,gene
TRIB1,17,TRIB1,gene
TRIM14,24,TRIM14,gene
TRIM2,14,TRIM2,gene
TRIM36,22,TRIM36,gene
TRIM45,12,TRIM45,gene
TRIM58,6,TRIM58,gene
TRIM62,19,TRIM62,gene
TRIM71,14,TRIM71,gene
TRIO,13,TRIO,gene
TRPC1,14,TRPC1,gene
TRPM3,11,TRPM3,gene
TRPM6,3,TRPM6,gene
TRRAP,16,TRRAP,gene
TSC22D1,9,TSC22D1,gene
TSC22D2,22,TSC22D2,gene
TSEN15,7,TSEN15,gene
TSEN2,7,TSEN2,gene
TSG1,14,TSG1,gene
TSKU,9,TSKU,gene
TSPAN12,4,TSPAN12,gene
TSPAN14,8,TSPAN14,gene
TSPAN4,21,TSPAN4,gene
TSPAN9,3,TSPAN9,gene
TTC32,4,TTC32,gene
TTI2,8,TTI2,gene
TTN-AS1,3,TTN-AS1,gene
TTYH1,17,TTYH1,gene
TVP23A,8,TVP23A,gene
TWIST,21,TWIST,tf
TWSG1,16,TWSG1,gene
TXNDC11,13,TXNDC11,gene
TYW5,3,TYW5,gene
UBAC2-AS1,8,UBAC2-AS1,gene
UBE2D2,11,UBE2D2,gene
UBE2E1,10,UBE2E1,gene
UBE2E3,8,UBE2E3,gene
UBE2K,10,UBE2K,gene
UBE2N,12,UBE2N,gene
UBE2Q2,10,UBE2Q2,gene
UBE2R2,6,UBE2R2,gene
UBE4B,27,UBE4B,gene
UBN2,10,UBN2,gene
UBP1,14,UBP1,gene
UBR3,15,UBR3,gene
UBR5,13,UBR5,gene
UC.134,11,UC.134,gene
UCA1,11,UCA1,gene
UGP2,12,UGP2,gene
UGT2B7,9,UGT2B7,gene
UIMC1,13,UIMC1,gene
ULK3,12,ULK3,gene
UNC5D,12,UNC5D,gene
UNKNOWN-ESC-ELEMENT,100,UNKNOWN-ESC-ELEMENT,tf
UQCC1,7,UQCC1,gene
USB1,9,USB1,gene
USF1,79,USF1,tf
USF2,25,USF2,tf
USP12,14,USP12,gene
USP13,3,USP13,gene
USP25,15,USP25,gene
USP32,22,USP32,gene
USP34,6,USP34,gene
USP48,12,USP48,gene
USP51,12,USP51,gene
USP6NL,19,USP6NL,gene
UTP14A,9,UTP14A,gene
VAMP4,6,VAMP4,gene
VCAN,23,VCAN,gene
VDR,22,VDR,tf
VGLL3,6,VGLL3,gene
VPS13A,14,VPS13A,gene
VPS13D,6,VPS13D,gene
VPS28,10,VPS28,gene
VPS37C,9,VPS37C,gene
VRK2,2,VRK2,gene
VTI1A,10,VTI1A,gene
VTI1B,8,VTI1B,gene
VWCE,16,VWCE,gene
VWDE,12,VWDE,gene
WAC,5,WAC,gene
WBP1L,20,WBP1L,gene
WBP2,17,WBP2,gene
WBP4,15,WBP4,gene
WDPCP,4,WDPCP,gene
WDR41,12,WDR41,gene
WDR53,2,WDR53,gene
WDR72,15,WDR72,gene
WIF1,4,WIF1,gene
WNK3,32,WNK3,gene
WT1,239,WT1,tf
WTIP,10,WTIP,gene
WWC2-AS2,7,WWC2-AS2,gene
WWTR1,14,WWTR1,gene
WWTR1-AS1,10,WWTR1-AS1,gene
X-BOX,37,X-BOX,tf
XIAP,6,XIAP,gene
XKR4,6,XKR4,gene
XKR7,17,XKR7,gene
XPO1,16,XPO1,gene
XPOT,12,XPOT,gene
XRCC5,9,XRCC5,gene
XXYLT1,8,XXYLT1,gene
YAE1D1,4,YAE1D1,gene
YAP1,9,YAP1,gene
YBEY,8,YBEY,gene
YES1,17,YES1,gene
YPEL1,16,YPEL1,gene
YY1,106,YY1,tf
ZBED1,14,ZBED1,gene
ZBTB12,19,ZBTB12,tf
ZBTB18,40,ZBTB18,tf
ZBTB2,17,ZBTB2,gene
ZBTB25,9,ZBTB25,gene
ZBTB33,37,ZBTB33,tf
ZBTB42,8,ZBTB42,gene
ZBTB45,11,ZBTB45,gene
ZBTB47,7,ZBTB47,gene
ZBTB49,20,ZBTB49,gene
ZBTB7A,21,ZBTB7A,gene
ZC2HC1A,16,ZC2HC1A,gene
ZC3H12C,14,ZC3H12C,gene
ZC3H15,9,ZC3H15,gene
ZC3H6,17,ZC3H6,gene
ZCCHC2,16,ZCCHC2,gene
ZDHHC17,8,ZDHHC17,gene
ZDHHC22,11,ZDHHC22,gene
ZDHHC8P1,19,ZDHHC8P1,gene
ZEB2,85,ZEB2,tf
ZFAT,14,ZFAT,gene
ZFP281,403,ZFP281,tf
ZFP3,1,ZFP3,tf
ZFP69B,5,ZFP69B,gene
ZFP809,182,ZFP809,tf
ZFP82,7,ZFP82,gene
ZFX,118,ZFX,tf
ZGRF1,10,ZGRF1,gene
ZIC1,69,ZIC1,tf
ZIC3,155,ZIC3,tf
ZKSCAN1,17,ZKSCAN1,tf
ZKSCAN2,10,ZKSCAN2,gene
ZMAT3,16,ZMAT3,gene
ZMIZ1-AS1,34,ZMIZ1-AS1,gene
ZNF136,6,ZNF136,tf
ZNF143,115,ZNF143,tf
ZNF148,7,ZNF148,gene
ZNF16,2,ZNF16,tf
ZNF165,208,ZNF165,tf
ZNF189,10,ZNF189,tf
ZNF202,11,ZNF202,gene
ZNF248,10,ZNF248,gene
ZNF251,10,ZNF251,gene
ZNF263,263,ZNF263,tf
ZNF264,8,ZNF264,tf
ZNF281,7,ZNF281,gene
ZNF292,14,ZNF292,gene
ZNF317,36,ZNF317,tf
ZNF322,88,ZNF322,tf
ZNF335,5,ZNF335,gene
ZNF367,13,ZNF367,gene
ZNF382,18,ZNF382,tf
ZNF384,17,ZNF384,gene
ZNF41,18,ZNF41,tf
ZNF415,68,ZNF415,tf
ZNF416,7,ZNF416,tf
ZNF423,25,ZNF423,gene
ZNF467,294,ZNF467,tf
ZNF483,5,ZNF483,gene
ZNF488,12,ZNF488,gene
ZNF517,8,ZNF517,gene
ZNF519,104,ZNF519,tf
ZNF528,27,ZNF528,tf
ZNF560,21,ZNF560,gene
ZNF561,18,ZNF561,gene
ZNF562,20,ZNF562,gene
ZNF572,25,ZNF572,gene
ZNF578,26,ZNF578,gene
ZNF608,7,ZNF608,gene
ZNF620,20,ZNF620,gene
ZNF639,8,ZNF639,gene
ZNF644,9,ZNF644,gene
ZNF652,35,ZNF652,tf
ZNF669,16,ZNF669,tf
ZNF675,22,ZNF675,tf
ZNF692,59,ZNF692,tf
ZNF7,25,ZNF7,tf
ZNF704,4,ZNF704,gene
ZNF711,7,ZNF711,gene
ZNF770,4,ZNF770,gene
ZNF860,8,ZNF860,gene
ZNF879,7,ZNF879,gene
ZNRF1,14,ZNRF1,gene
ZNRF3-AS1,6,ZNRF3-AS1,gene
ZSCAN18,22,ZSCAN18,gene
ZSCAN22,106,ZSCAN22,tf
ZXDC,18,ZXDC,gene
ZZZ3,2,ZZZ3,gene
